Workbook

Sheet Premissas
A1: Ipiranga · App de Execução · Projeto de valor fechado, estimado em horas (uso interno)
A2: Uso interno da Fattoria. Células em azul com fundo amarelo são premissas para calibrar; o resto é calculado.
A4: Premissa | B4: Valor | C4: Observação
A5: Taxa interna de referência (R$/h) | B5: 200 | C5: Mesma base da Sinaf. Forma o custo-base; não aparece para o cliente.
A6: Fator de valor da direção de produto | B6: 1.3 | C6: Multiplica o custo-base da direção. 1,0 = vender a hora; acima disso, valor do julgamento sênior.
A7: Reserva de capacidade (% da execução) | B7: 0.1 | C7: Demandas que surgem no caminho. Entra no preço e na capacidade em pontos.
A8: Gatilho de revisão (% de consumo) | B8: 1.1 | C8: Acima disso, a entrega vai para o comitê antes de virar prejuízo.
A9: Limite de horas para tamanho P | B9: 8 | C9: Até este valor, a entrega é P.
A10: Limite de horas para tamanho M | B10: 24 | C10: Até este valor, M; acima, G.
A11: Pontos de uma entrega P | B11: 1
A12: Pontos de uma entrega M | B12: 3
A13: Pontos de uma entrega G | B13: 5
A14: Horas por semana de dedicação integral | B14: 40 | C14: Base para converter horas em % de dedicação por papel.
A15: Semanas do ciclo 1 (19/10 a 13/11) | B15: 4
A16: Semanas do ciclo 2 (16/11 a 18/12) | B16: 5
A17: Proposta de 24/09: horas | B17: 352 | C17: Referência de comparação.
A18: Proposta de 24/09: valor | B18: 70400 | C18: Referência de comparação.

Sheet Resumo
A1: Resumo por ciclo
A2: O bloco "O que a Ipiranga vê" é o que vai para a proposta. O bloco interno fica com a Fattoria.
A4: Linha | B4: Ciclo 1 | C4: Ciclo 2 | D4: Total
A5: Interno · esforço
A6: Horas de execução | B6: =SUMIF(Entregas!$A$5:$A$16,1,Entregas!$D$5:$D$16) -> 129 | C6: =SUMIF(Entregas!$A$5:$A$16,2,Entregas!$D$5:$D$16) -> 105 | D6: =B6+C6 -> 234
A7: Horas de reserva | B7: =B6*Premissas!$B$7 -> 12.9 | C7: =C6*Premissas!$B$7 -> 10.5 | D7: =B7+C7 -> 23.4
A8: Horas de direção | B8: =SUMIF(Direcao!$A$5:$A$16,1,Direcao!$D$5:$D$16) -> 37 | C8: =SUMIF(Direcao!$A$5:$A$16,2,Direcao!$D$5:$D$16) -> 35 | D8: =B8+C8 -> 72
A9: Horas internas totais | B9: =B6+B7+B8 -> 178.9 | C9: =C6+C7+C8 -> 150.5 | D9: =B9+C9 -> 329.4
A10: Interno · dedicação por papel (% de uma pessoa em tempo integral)
A11: Bruno · liderança de produto | B11: =(SUMIFS(Entregas!$D$5:$D$16,Entregas!$A$5:$A$16,1,Entregas!$C$5:$C$16,"Bruno · liderança de produto")+SUMIFS(Direcao!$D$5:$D$16,Direcao!$A$5:$A$16,1,Direcao!$C$5:$C$16,"Bruno · liderança de produto"))/(Premissas!$B$14*Premissas!$B$15) -> 0.15625 | C11: =(SUMIFS(Entregas!$D$5:$D$16,Entregas!$A$5:$A$16,2,Entregas!$C$5:$C$16,"Bruno · liderança de produto")+SUMIFS(Direcao!$D$5:$D$16,Direcao!$A$5:$A$16,2,Direcao!$C$5:$C$16,"Bruno · liderança de produto"))/(Premissas!$B$14*Premissas!$B$16) -> 0.135 | D11: =(SUMIFS(Entregas!$D$5:$D$16,Entregas!$C$5:$C$16,"Bruno · liderança de produto")+SUMIFS(Direcao!$D$5:$D$16,Direcao!$C$5:$C$16,"Bruno · liderança de produto"))/(Premissas!$B$14*(Premissas!$B$15+Premissas!$B$16)) -> 0.14444444
A12: Product designer | B12: =(SUMIFS(Entregas!$D$5:$D$16,Entregas!$A$5:$A$16,1,Entregas!$C$5:$C$16,"Product designer")+SUMIFS(Direcao!$D$5:$D$16,Direcao!$A$5:$A$16,1,Direcao!$C$5:$C$16,"Product designer"))/(Premissas!$B$14*Premissas!$B$15) -> 0.75625 | C12: =(SUMIFS(Entregas!$D$5:$D$16,Entregas!$A$5:$A$16,2,Entregas!$C$5:$C$16,"Product designer")+SUMIFS(Direcao!$D$5:$D$16,Direcao!$A$5:$A$16,2,Direcao!$C$5:$C$16,"Product designer"))/(Premissas!$B$14*Premissas!$B$16) -> 0.49 | D12: =(SUMIFS(Entregas!$D$5:$D$16,Entregas!$C$5:$C$16,"Product designer")+SUMIFS(Direcao!$D$5:$D$16,Direcao!$C$5:$C$16,"Product designer"))/(Premissas!$B$14*(Premissas!$B$15+Premissas!$B$16)) -> 0.60833333
A13: Thiago Brito · ponte técnica | B13: =(SUMIFS(Entregas!$D$5:$D$16,Entregas!$A$5:$A$16,1,Entregas!$C$5:$C$16,"Thiago Brito · ponte técnica")+SUMIFS(Direcao!$D$5:$D$16,Direcao!$A$5:$A$16,1,Direcao!$C$5:$C$16,"Thiago Brito · ponte técnica"))/(Premissas!$B$14*Premissas!$B$15) -> 0.125 | C13: =(SUMIFS(Entregas!$D$5:$D$16,Entregas!$A$5:$A$16,2,Entregas!$C$5:$C$16,"Thiago Brito · ponte técnica")+SUMIFS(Direcao!$D$5:$D$16,Direcao!$A$5:$A$16,2,Direcao!$C$5:$C$16,"Thiago Brito · ponte técnica"))/(Premissas!$B$14*Premissas!$B$16) -> 0.075 | D13: =(SUMIFS(Entregas!$D$5:$D$16,Entregas!$C$5:$C$16,"Thiago Brito · ponte técnica")+SUMIFS(Direcao!$D$5:$D$16,Direcao!$C$5:$C$16,"Thiago Brito · ponte técnica"))/(Premissas!$B$14*(Premissas!$B$15+Premissas!$B$16)) -> 0.097222222
A14: Interno · preço
A15: Preço da execução (horas + reserva) × taxa | B15: =(B6+B7)*Premissas!$B$5 -> 28380 | C15: =(C6+C7)*Premissas!$B$5 -> 23100 | D15: =B15+C15 -> 51480
A16: Preço da direção (custo-base × fator) | B16: =B8*Premissas!$B$5*Premissas!$B$6 -> 9620 | C16: =C8*Premissas!$B$5*Premissas!$B$6 -> 9100 | D16: =B16+C16 -> 18720
A17: Valor do ciclo | B17: =B15+B16 -> 38000 | C17: =C15+C16 -> 32200 | D17: =B17+C17 -> 70200
A18: R$ por hora interna (efetivo) | B18: =IF(B9=0,0,B17/B9) -> 212.40917 | C18: =IF(C9=0,0,C17/C9) -> 213.95349 | D18: =IF(D9=0,0,D17/D9) -> 213.11475
A19: Comparação com a proposta de 24/09 (valor) | D19: =D17-Premissas!$B$18 -> -200
A20: Comparação com a proposta de 24/09 (horas) | D20: =D9-Premissas!$B$17 -> -22.6
A21: O que a Ipiranga vê
A22: Entregas do ciclo | B22: =COUNTIF(Entregas!$A$5:$A$16,1) -> 6 | C22: =COUNTIF(Entregas!$A$5:$A$16,2) -> 6 | D22: =B22+C22 -> 12
A23: Capacidade do ciclo em pontos (entregas) | B23: =SUMIF(Entregas!$A$5:$A$16,1,Entregas!$F$5:$F$16) -> 20 | C23: =SUMIF(Entregas!$A$5:$A$16,2,Entregas!$F$5:$F$16) -> 16 | D23: =B23+C23 -> 36
A24: Pontos de reserva | B24: =ROUND(B23*Premissas!$B$7,0) -> 2 | C24: =ROUND(C23*Premissas!$B$7,0) -> 2 | D24: =B24+C24 -> 4
A25: Direção de produto (valor fixo) | B25: =B16 -> 9620 | C25: =C16 -> 9100 | D25: =B25+C25 -> 18720
A26: Capacidade de execução | B26: =B15 -> 28380 | C26: =C15 -> 23100 | D26: =B26+C26 -> 51480
A27: Valor do ciclo | B27: =B17 -> 38000 | C27: =C17 -> 32200 | D27: =B27+C27 -> 70200

Sheet Entregas
A1: Capacidade de execução · entregas por ciclo
A2: Horas internas em azul. Tamanho e pontos saem das horas; o cliente vê entrega, tamanho e pontos, nunca horas.
A4: Ciclo | B4: Entrega | C4: Papel principal | D4: Horas internas | E4: Tamanho | F4: Pontos | G4: Custo-base (R$)
A5: 1 | B5: Arquitetura da informação do hub e conceito da home | C5: Product designer | D5: 32 | E5: =IF(D5<=Premissas!$B$9,"P",IF(D5<=Premissas!$B$10,"M","G")) -> G | F5: =IF(E5="P",Premissas!$B$11,IF(E5="M",Premissas!$B$12,Premissas!$B$13)) -> 5 | G5: =D5*Premissas!$B$5 -> 6400
A6: 1 | B6: Módulo 1 · fluxos e wireframes (Minha carteira, busca direta, acessos rápidos) | C6: Product designer | D6: 27 | E6: =IF(D6<=Premissas!$B$9,"P",IF(D6<=Premissas!$B$10,"M","G")) -> G | F6: =IF(E6="P",Premissas!$B$11,IF(E6="M",Premissas!$B$12,Premissas!$B$13)) -> 5 | G6: =D6*Premissas!$B$5 -> 5400
A7: 1 | B7: Módulo 1 · interface | C7: Product designer | D7: 36 | E7: =IF(D7<=Premissas!$B$9,"P",IF(D7<=Premissas!$B$10,"M","G")) -> G | F7: =IF(E7="P",Premissas!$B$11,IF(E7="M",Premissas!$B$12,Premissas!$B$13)) -> 5 | G7: =D7*Premissas!$B$5 -> 7200
A8: 1 | B8: UI kit inicial | C8: Product designer | D8: 18 | E8: =IF(D8<=Premissas!$B$9,"P",IF(D8<=Premissas!$B$10,"M","G")) -> M | F8: =IF(E8="P",Premissas!$B$11,IF(E8="M",Premissas!$B$12,Premissas!$B$13)) -> 3 | G8: =D8*Premissas!$B$5 -> 3600
A9: 1 | B9: Módulo 1 · especificação e passagem para a Stringhini | C9: Product designer | D9: 8 | E9: =IF(D9<=Premissas!$B$9,"P",IF(D9<=Premissas!$B$10,"M","G")) -> P | F9: =IF(E9="P",Premissas!$B$11,IF(E9="M",Premissas!$B$12,Premissas!$B$13)) -> 1 | G9: =D9*Premissas!$B$5 -> 1600
A10: 1 | B10: Linha de base dos indicadores, com a Stringhini | C10: Thiago Brito · ponte técnica | D10: 8 | E10: =IF(D10<=Premissas!$B$9,"P",IF(D10<=Premissas!$B$10,"M","G")) -> P | F10: =IF(E10="P",Premissas!$B$11,IF(E10="M",Premissas!$B$12,Premissas!$B$13)) -> 1 | G10: =D10*Premissas!$B$5 -> 1600
A11: 2 | B11: Módulo 2 · fluxos e wireframes (checklist com progresso, status da auditoria) | C11: Product designer | D11: 20 | E11: =IF(D11<=Premissas!$B$9,"P",IF(D11<=Premissas!$B$10,"M","G")) -> M | F11: =IF(E11="P",Premissas!$B$11,IF(E11="M",Premissas!$B$12,Premissas!$B$13)) -> 3 | G11: =D11*Premissas!$B$5 -> 4000
A12: 2 | B12: Módulo 2 · interface | C12: Product designer | D12: 34 | E12: =IF(D12<=Premissas!$B$9,"P",IF(D12<=Premissas!$B$10,"M","G")) -> G | F12: =IF(E12="P",Premissas!$B$11,IF(E12="M",Premissas!$B$12,Premissas!$B$13)) -> 5 | G12: =D12*Premissas!$B$5 -> 6800
A13: 2 | B13: Evolução do UI kit | C13: Product designer | D13: 6 | E13: =IF(D13<=Premissas!$B$9,"P",IF(D13<=Premissas!$B$10,"M","G")) -> P | F13: =IF(E13="P",Premissas!$B$11,IF(E13="M",Premissas!$B$12,Premissas!$B$13)) -> 1 | G13: =D13*Premissas!$B$5 -> 1200
A14: 2 | B14: Módulo 2 · especificação e passagem para a Stringhini | C14: Product designer | D14: 8 | E14: =IF(D14<=Premissas!$B$9,"P",IF(D14<=Premissas!$B$10,"M","G")) -> P | F14: =IF(E14="P",Premissas!$B$11,IF(E14="M",Premissas!$B$12,Premissas!$B$13)) -> 1 | G14: =D14*Premissas!$B$5 -> 1600
A15: 2 | B15: Acompanhamento da implementação em homologação | C15: Product designer | D15: 30 | E15: =IF(D15<=Premissas!$B$9,"P",IF(D15<=Premissas!$B$10,"M","G")) -> G | F15: =IF(E15="P",Premissas!$B$11,IF(E15="M",Premissas!$B$12,Premissas!$B$13)) -> 5 | G15: =D15*Premissas!$B$5 -> 6000
A16: 2 | B16: Primeira leitura dos indicadores | C16: Thiago Brito · ponte técnica | D16: 7 | E16: =IF(D16<=Premissas!$B$9,"P",IF(D16<=Premissas!$B$10,"M","G")) -> P | F16: =IF(E16="P",Premissas!$B$11,IF(E16="M",Premissas!$B$12,Premissas!$B$13)) -> 1 | G16: =D16*Premissas!$B$5 -> 1400
B17: Total da execução | D17: =SUM(D5:D16) -> 234 | F17: =SUM(F5:F16) -> 36 | G17: =SUM(G5:G16) -> 46800

Sheet Direcao
A1: Direção de produto · valor fixo por ciclo
A2: Horas internas servem só de base. O preço é o custo-base vezes o fator de valor (Premissas).
A4: Ciclo | B4: Atividade | C4: Papel | D4: Horas internas | E4: Custo-base (R$)
A5: 1 | B5: Kickoff entre as três partes e validação do dossiê com a Ipiranga | C5: Bruno · liderança de produto | D5: 4 | E5: =D5*Premissas!$B$5 -> 800
A6: 1 | B6: Sessão técnica com a Stringhini e recorte de dezembro | C6: Bruno · liderança de produto | D6: 4 | E6: =D6*Premissas!$B$5 -> 800
A7: 1 | B7: Sessão técnica com a Stringhini e recorte de dezembro | C7: Thiago Brito · ponte técnica | D7: 4 | E7: =D7*Premissas!$B$5 -> 800
A8: 1 | B8: Comitê de produto 1: roadmap priorizado e aprovação do recorte | C8: Bruno · liderança de produto | D8: 8 | E8: =D8*Premissas!$B$5 -> 1600
A9: 1 | B9: Alinhamentos quinzenais com a Ipiranga | C9: Bruno · liderança de produto | D9: 4 | E9: =D9*Premissas!$B$5 -> 800
A10: 1 | B10: Conversa técnica semanal com a Stringhini | C10: Thiago Brito · ponte técnica | D10: 8 | E10: =D10*Premissas!$B$5 -> 1600
A11: 1 | B11: Decisões, registro e preparação de pautas | C11: Bruno · liderança de produto | D11: 5 | E11: =D11*Premissas!$B$5 -> 1000
A12: 2 | B12: Comitê de produto 2: indicadores e roadmap de 2027 | C12: Bruno · liderança de produto | D12: 10 | E12: =D12*Premissas!$B$5 -> 2000
A13: 2 | B13: Alinhamentos quinzenais com a Ipiranga | C13: Bruno · liderança de produto | D13: 6 | E13: =D13*Premissas!$B$5 -> 1200
A14: 2 | B14: Conversa técnica semanal com a Stringhini | C14: Thiago Brito · ponte técnica | D14: 8 | E14: =D14*Premissas!$B$5 -> 1600
A15: 2 | B15: Decisões, registro e preparação de pautas | C15: Bruno · liderança de produto | D15: 5 | E15: =D15*Premissas!$B$5 -> 1000
A16: 2 | B16: Proposta de continuidade para 2027 | C16: Bruno · liderança de produto | D16: 6 | E16: =D16*Premissas!$B$5 -> 1200
B17: Total da direção | D17: =SUM(D5:D16) -> 72 | E17: =SUM(E5:E16) -> 14400

Sheet Acompanhamento
A1: Acompanhamento interno · previsto x realizado por entrega
A2: Preencher as horas realizadas (vindas do ClickUp). A linha fica vermelha quando passa do gatilho de revisão.
A4: Ciclo | B4: Entrega | C4: Previsto (h) | D4: Realizado (h) | E4: Consumo | F4: Status
A5: =Entregas!A5 -> 1 | B5: =Entregas!B5 -> Arquitetura da informação do hub e conceito da home | C5: =Entregas!D5 -> 32 | E5: =IF(C5=0,0,D5/C5) -> 0 | F5: =IF(D5="","",IF(E5>Premissas!$B$8,"Levar ao comitê",IF(E5>1,"Atenção","No previsto")))
A6: =Entregas!A6 -> 1 | B6: =Entregas!B6 -> Módulo 1 · fluxos e wireframes (Minha carteira, busca direta, acessos rápidos) | C6: =Entregas!D6 -> 27 | E6: =IF(C6=0,0,D6/C6) -> 0 | F6: =IF(D6="","",IF(E6>Premissas!$B$8,"Levar ao comitê",IF(E6>1,"Atenção","No previsto")))
A7: =Entregas!A7 -> 1 | B7: =Entregas!B7 -> Módulo 1 · interface | C7: =Entregas!D7 -> 36 | E7: =IF(C7=0,0,D7/C7) -> 0 | F7: =IF(D7="","",IF(E7>Premissas!$B$8,"Levar ao comitê",IF(E7>1,"Atenção","No previsto")))
A8: =Entregas!A8 -> 1 | B8: =Entregas!B8 -> UI kit inicial | C8: =Entregas!D8 -> 18 | E8: =IF(C8=0,0,D8/C8) -> 0 | F8: =IF(D8="","",IF(E8>Premissas!$B$8,"Levar ao comitê",IF(E8>1,"Atenção","No previsto")))
A9: =Entregas!A9 -> 1 | B9: =Entregas!B9 -> Módulo 1 · especificação e passagem para a Stringhini | C9: =Entregas!D9 -> 8 | E9: =IF(C9=0,0,D9/C9) -> 0 | F9: =IF(D9="","",IF(E9>Premissas!$B$8,"Levar ao comitê",IF(E9>1,"Atenção","No previsto")))
A10: =Entregas!A10 -> 1 | B10: =Entregas!B10 -> Linha de base dos indicadores, com a Stringhini | C10: =Entregas!D10 -> 8 | E10: =IF(C10=0,0,D10/C10) -> 0 | F10: =IF(D10="","",IF(E10>Premissas!$B$8,"Levar ao comitê",IF(E10>1,"Atenção","No previsto")))
A11: =Entregas!A11 -> 2 | B11: =Entregas!B11 -> Módulo 2 · fluxos e wireframes (checklist com progresso, status da auditoria) | C11: =Entregas!D11 -> 20 | E11: =IF(C11=0,0,D11/C11) -> 0 | F11: =IF(D11="","",IF(E11>Premissas!$B$8,"Levar ao comitê",IF(E11>1,"Atenção","No previsto")))
A12: =Entregas!A12 -> 2 | B12: =Entregas!B12 -> Módulo 2 · interface | C12: =Entregas!D12 -> 34 | E12: =IF(C12=0,0,D12/C12) -> 0 | F12: =IF(D12="","",IF(E12>Premissas!$B$8,"Levar ao comitê",IF(E12>1,"Atenção","No previsto")))
A13: =Entregas!A13 -> 2 | B13: =Entregas!B13 -> Evolução do UI kit | C13: =Entregas!D13 -> 6 | E13: =IF(C13=0,0,D13/C13) -> 0 | F13: =IF(D13="","",IF(E13>Premissas!$B$8,"Levar ao comitê",IF(E13>1,"Atenção","No previsto")))
A14: =Entregas!A14 -> 2 | B14: =Entregas!B14 -> Módulo 2 · especificação e passagem para a Stringhini | C14: =Entregas!D14 -> 8 | E14: =IF(C14=0,0,D14/C14) -> 0 | F14: =IF(D14="","",IF(E14>Premissas!$B$8,"Levar ao comitê",IF(E14>1,"Atenção","No previsto")))
A15: =Entregas!A15 -> 2 | B15: =Entregas!B15 -> Acompanhamento da implementação em homologação | C15: =Entregas!D15 -> 30 | E15: =IF(C15=0,0,D15/C15) -> 0 | F15: =IF(D15="","",IF(E15>Premissas!$B$8,"Levar ao comitê",IF(E15>1,"Atenção","No previsto")))
A16: =Entregas!A16 -> 2 | B16: =Entregas!B16 -> Primeira leitura dos indicadores | C16: =Entregas!D16 -> 7 | E16: =IF(C16=0,0,D16/C16) -> 0 | F16: =IF(D16="","",IF(E16>Premissas!$B$8,"Levar ao comitê",IF(E16>1,"Atenção","No previsto")))
B17: Total | C17: =SUM(C5:C16) -> 234 | D17: =SUM(D5:D16) -> 0 | E17: =IF(C17=0,0,D17/C17) -> 0

Sheet Opcional2027
A1: Opcional · acompanhamento e evolução após o lançamento (mensalidade, a partir de janeiro de 2027)
A2: Time de análise das jornadas e ajustes pontuais. Horas internas em azul; atividades de análise e decisão levam o fator de valor.
A4: Atividade mensal | B4: Papel | C4: Tipo | D4: Horas internas/mês | E4: Valor/mês (R$)
A5: Análise das jornadas com dados de uso e retorno do campo | B5: Bruno · liderança de produto | C5: Direção | D5: 16 | E5: =D5*Premissas!$B$5*IF(C5="Direção",Premissas!$B$6,1) -> 4160
A6: Comitê mensal e priorização do backlog evolutivo | B6: Bruno · liderança de produto | C6: Direção | D6: 6 | E6: =D6*Premissas!$B$5*IF(C6="Direção",Premissas!$B$6,1) -> 1560
A7: Ajustes pontuais de design e evolução do UI kit | B7: Product designer | C7: Execução | D7: 32 | E7: =D7*Premissas!$B$5*IF(C7="Direção",Premissas!$B$6,1) -> 6400
A8: Ponte técnica e revisão em homologação | B8: Thiago Brito · ponte técnica | C8: Execução | D8: 6 | E8: =D8*Premissas!$B$5*IF(C8="Direção",Premissas!$B$6,1) -> 1200
A9: Mensalidade | D9: =SUM(D5:D8) -> 60 | E9: =SUM(E5:E8) -> 13320
A11: Prazo mínimo sugerido (meses) | D11: 3
A12: Valor no prazo mínimo | E12: =E9*D11 -> 39960
A13: Horas não usadas no mês não acumulam; o excedente é tratado no comitê.
